2022-04-08T16:45:43.508626, 12.56
2022-04-08T16:45:43.759279, 12.25
2022-04-08T16:45:44.008669, 12.23
2022-04-08T16:45:44.258293, 12.21
2022-04-08T16:45:44.509467, 12.20
2022-04-08T16:45:44.758328, 12.18
2022-04-08T16:45:45.008801, 12.17
2022-04-08T16:45:45.258961, 12.17
2022-04-08T16:45:45.508878, 12.16
2022-04-08T16:45:45.759470, 12.14
2022-04-08T16:45:46.008476, 12.13
2022-04-08T16:45:46.258944, 12.13
2022-04-08T16:45:46.508717, 12.13
2022-04-08T16:45:46.758989, 12.11
2022-04-08T16:45:47.008862, 12.09
2022-04-08T16:45:47.258651, 12.09
2022-04-08T16:45:47.508855, 12.09
2022-04-08T16:45:47.758685, 12.09
2022-04-08T16:45:48.008882, 12.09
2022-04-08T16:45:48.258762, 12.06
2022-04-08T16:45:48.509360, 12.05
2022-04-08T16:45:48.758819, 12.05
2022-04-08T16:45:49.008845, 12.05
2022-04-08T16:45:49.259288, 12.05
2022-04-08T16:45:49.508942, 12.05
2022-04-08T16:45:49.758921, 12.04
2022-04-08T16:45:50.009108, 12.03
2022-04-08T16:45:50.259137, 12.02
2022-04-08T16:45:50.509163, 12.01
2022-04-08T16:45:50.759056, 12.01
2022-04-08T16:45:51.009218, 12.01
2022-04-08T16:45:51.258785, 12.01
2022-04-08T16:45:51.509125, 12.01
2022-04-08T16:45:51.759169, 12.01
2022-04-08T16:45:52.008619, 12.00
2022-04-08T16:45:52.259232, 11.99
2022-04-08T16:45:52.509255, 11.98
2022-04-08T16:45:52.759302, 11.97
2022-04-08T16:45:53.009315, 11.97
2022-04-08T16:45:53.258733, 11.97
2022-04-08T16:45:53.508806, 11.97
2022-04-08T16:45:53.758836, 11.97
2022-04-08T16:45:54.009435, 11.97
2022-04-08T16:45:54.259466, 11.97
2022-04-08T16:45:54.509498, 11.97
2022-04-08T16:45:54.758532, 11.97
2022-04-08T16:45:55.008971, 11.96
2022-04-08T16:45:55.259012, 11.95
2022-04-08T16:45:55.509028, 11.94
2022-04-08T16:45:55.759641, 11.93
2022-04-08T16:45:56.009099, 11.93
2022-04-08T16:45:56.258708, 11.93
2022-04-08T16:45:56.509126, 11.93
2022-04-08T16:45:56.759165, 11.93
2022-04-08T16:45:57.008792, 11.93
2022-04-08T16:45:57.259246, 11.93
2022-04-08T16:45:57.508855, 11.93
2022-04-08T16:45:57.758878, 11.93
2022-04-08T16:45:58.009326, 11.93
2022-04-08T16:45:58.259091, 11.92
2022-04-08T16:45:58.509377, 11.92
2022-04-08T16:45:58.758986, 11.92
2022-04-08T16:45:59.009019, 11.91
2022-04-08T16:45:59.259050, 11.90
2022-04-08T16:45:59.509073, 11.89
2022-04-08T16:45:59.759102, 11.89
2022-04-08T16:46:00.009133, 11.89
2022-04-08T16:46:00.259179, 11.89
2022-04-08T16:46:00.509175, 11.89
2022-04-08T16:46:00.759223, 11.89
2022-04-08T16:46:01.008670, 11.89
2022-04-08T16:46:01.259280, 11.89
2022-04-08T16:46:01.508925, 11.89
2022-04-08T16:46:01.759324, 11.89
2022-04-08T16:46:02.009359, 11.88
2022-04-08T16:46:02.259383, 11.88
2022-04-08T16:46:02.509007, 11.88
2022-04-08T16:46:02.759137, 11.88
2022-04-08T16:46:03.009467, 11.88
2022-04-08T16:46:03.259506, 11.88
2022-04-08T16:46:03.508944, 11.87
2022-04-08T16:46:03.758963, 11.87
2022-04-08T16:46:04.009009, 11.86
2022-04-08T16:46:04.259622, 11.85
2022-04-08T16:46:04.509783, 11.85
2022-04-08T16:46:04.758682, 11.85
2022-04-08T16:46:05.008704, 11.85
2022-04-08T16:46:05.259293, 11.85
2022-04-08T16:46:05.509325, 11.85
2022-04-08T16:46:05.759799, 11.85
2022-04-08T16:46:06.009831, 11.85
2022-04-08T16:46:06.259003, 11.85
2022-04-08T16:46:06.509041, 11.85
2022-04-08T16:46:06.759066, 11.85
2022-04-08T16:46:07.009357, 11.85
2022-04-08T16:46:07.259381, 11.85
2022-04-08T16:46:07.509422, 11.84
2022-04-08T16:46:07.759026, 11.84
2022-04-08T16:46:08.009066, 11.84
2022-04-08T16:46:08.259220, 11.84
2022-04-08T16:46:08.509254, 11.84
2022-04-08T16:46:08.759706, 11.84
2022-04-08T16:46:09.009594, 11.84
2022-04-08T16:46:09.258602, 11.83
2022-04-08T16:46:09.509378, 11.82
2022-04-08T16:46:09.759682, 11.82
2022-04-08T16:46:10.009300, 11.81
2022-04-08T16:46:10.259307, 11.81
2022-04-08T16:46:10.509337, 11.81
2022-04-08T16:46:10.759355, 11.81
2022-04-08T16:46:11.008799, 11.81
2022-04-08T16:46:11.259416, 11.81
2022-04-08T16:46:11.509463, 11.81
2022-04-08T16:46:11.759500, 11.81
2022-04-08T16:46:12.008938, 11.81
2022-04-08T16:46:12.258973, 11.81
2022-04-08T16:46:12.509585, 11.81
2022-04-08T16:46:12.759746, 11.81
2022-04-08T16:46:13.009060, 11.81
2022-04-08T16:46:13.259071, 11.81
2022-04-08T16:46:13.509696, 11.80
2022-04-08T16:46:13.759722, 11.80
2022-04-08T16:46:14.009753, 11.80
2022-04-08T16:46:14.259209, 11.80
2022-04-08T16:46:14.508825, 11.80
2022-04-08T16:46:14.759222, 11.80
2022-04-08T16:46:15.009282, 11.80
2022-04-08T16:46:15.259881, 11.80
2022-04-08T16:46:15.509927, 11.79
2022-04-08T16:46:15.759362, 11.79
2022-04-08T16:46:16.009383, 11.78
2022-04-08T16:46:16.259415, 11.77
2022-04-08T16:46:16.509465, 11.77
2022-04-08T16:46:16.759476, 11.77
2022-04-08T16:46:17.009535, 11.77
2022-04-08T16:46:17.259546, 11.77
2022-04-08T16:46:17.509564, 11.77
2022-04-08T16:46:17.759597, 11.77
2022-04-08T16:46:18.009198, 11.77
2022-04-08T16:46:18.259671, 11.77
2022-04-08T16:46:18.509422, 11.77
2022-04-08T16:46:18.759728, 11.77
2022-04-08T16:46:19.009334, 11.77
2022-04-08T16:46:19.259782, 11.77
2022-04-08T16:46:19.509372, 11.77
2022-04-08T16:46:19.759400, 11.77
2022-04-08T16:46:20.009854, 11.77
2022-04-08T16:46:20.259463, 11.77
2022-04-08T16:46:20.509908, 11.77
2022-04-08T16:46:20.759519, 11.76
2022-04-08T16:46:21.009548, 11.76
2022-04-08T16:46:21.259577, 11.76
2022-04-08T16:46:21.509029, 11.76
2022-04-08T16:46:21.759060, 11.76
2022-04-08T16:46:22.009665, 11.76
2022-04-08T16:46:22.259695, 11.76
2022-04-08T16:46:22.509719, 11.76
2022-04-08T16:46:22.759168, 11.76
2022-04-08T16:46:23.009802, 11.75
2022-04-08T16:46:23.259819, 11.75
2022-04-08T16:46:23.509845, 11.74
2022-04-08T16:46:23.759530, 11.74
2022-04-08T16:46:24.009331, 11.73
2022-04-08T16:46:24.259944, 11.73
2022-04-08T16:46:24.508989, 11.73
2022-04-08T16:46:24.759985, 11.73
2022-04-08T16:46:25.010028, 11.73
2022-04-08T16:46:25.260048, 11.73
2022-04-08T16:46:25.509505, 11.73
2022-04-08T16:46:25.759563, 11.73
2022-04-08T16:46:26.010363, 11.73
2022-04-08T16:46:26.259203, 11.73
2022-04-08T16:46:26.509648, 11.73
2022-04-08T16:46:26.759660, 11.73
2022-04-08T16:46:27.009841, 11.73
2022-04-08T16:46:27.259282, 11.73
2022-04-08T16:46:27.509324, 11.73
2022-04-08T16:46:27.759795, 11.73
2022-04-08T16:46:28.009581, 11.73
2022-04-08T16:46:28.259434, 11.72
2022-04-08T16:46:28.509610, 11.72
2022-04-08T16:46:28.759896, 11.72
2022-04-08T16:46:29.009491, 11.72
2022-04-08T16:46:29.259512, 11.72
2022-04-08T16:46:29.509957, 11.72
2022-04-08T16:46:29.759586, 11.72
2022-04-08T16:46:30.009754, 11.72
2022-04-08T16:46:30.259641, 11.72
2022-04-08T16:46:30.510091, 11.72
2022-04-08T16:46:30.759686, 11.71
2022-04-08T16:46:31.009738, 11.71
2022-04-08T16:46:31.259732, 11.70
2022-04-08T16:46:31.509807, 11.70
2022-04-08T16:46:31.759814, 11.69
2022-04-08T16:46:32.010023, 11.69
2022-04-08T16:46:32.259905, 11.69
2022-04-08T16:46:32.509938, 11.69
2022-04-08T16:46:32.759363, 11.69
2022-04-08T16:46:33.010128, 11.69
2022-04-08T16:46:33.259401, 11.69
2022-04-08T16:46:33.510053, 11.69
2022-04-08T16:46:33.759481, 11.69
2022-04-08T16:46:34.009533, 11.69
2022-04-08T16:46:34.259556, 11.69
2022-04-08T16:46:34.509729, 11.69
2022-04-08T16:46:34.760195, 11.69
2022-04-08T16:46:35.009649, 11.69
2022-04-08T16:46:35.260230, 11.69
2022-04-08T16:46:35.509847, 11.69
2022-04-08T16:46:35.759733, 11.69
2022-04-08T16:46:36.009897, 11.68
2022-04-08T16:46:36.259797, 11.68
2022-04-08T16:46:36.509798, 11.68
2022-04-08T16:46:36.759844, 11.68
2022-04-08T16:46:37.009448, 11.68
2022-04-08T16:46:37.259893, 11.68
2022-04-08T16:46:37.509752, 11.68
2022-04-08T16:46:37.759968, 11.68
2022-04-08T16:46:38.009973, 11.68
2022-04-08T16:46:38.260029, 11.68
2022-04-08T16:46:38.510064, 11.67
2022-04-08T16:46:38.759603, 11.66
2022-04-08T16:46:39.010247, 11.66
2022-04-08T16:46:39.259695, 11.66
2022-04-08T16:46:39.510333, 11.65
2022-04-08T16:46:39.759783, 11.65
2022-04-08T16:46:40.009926, 11.65
2022-04-08T16:46:40.259823, 11.65
2022-04-08T16:46:40.510008, 11.65
2022-04-08T16:46:40.759900, 11.65
2022-04-08T16:46:41.010064, 11.65
2022-04-08T16:46:41.259372, 11.65
2022-04-08T16:46:41.510125, 11.65
2022-04-08T16:46:41.760010, 11.65
2022-04-08T16:46:42.010205, 11.65
2022-04-08T16:46:42.260048, 11.65
2022-04-08T16:46:42.510245, 11.65
2022-04-08T16:46:42.759541, 11.65
2022-04-08T16:46:43.010178, 11.65
2022-04-08T16:46:43.260173, 11.65
2022-04-08T16:46:43.510357, 11.64
2022-04-08T16:46:43.760227, 11.64
2022-04-08T16:46:44.010260, 11.64
2022-04-08T16:46:44.259703, 11.64
2022-04-08T16:46:44.509727, 11.64
2022-04-08T16:46:44.759787, 11.64
2022-04-08T16:46:45.009806, 11.64
2022-04-08T16:46:45.259826, 11.64
2022-04-08T16:46:45.509845, 11.64
2022-04-08T16:46:45.759870, 11.63
2022-04-08T16:46:46.009919, 11.62
2022-04-08T16:46:46.260502, 11.62
2022-04-08T16:46:46.509967, 11.61
2022-04-08T16:46:46.760579, 11.61
2022-04-08T16:46:47.009599, 11.61
2022-04-08T16:46:47.260620, 11.61
2022-04-08T16:46:47.509643, 11.61
2022-04-08T16:46:47.760099, 11.61
2022-04-08T16:46:48.009704, 11.61
2022-04-08T16:46:48.259779, 11.61
2022-04-08T16:46:48.509778, 11.61
2022-04-08T16:46:48.759816, 11.61
2022-04-08T16:46:49.010257, 11.61
2022-04-08T16:46:49.259860, 11.61
2022-04-08T16:46:49.510297, 11.61
2022-04-08T16:46:49.759915, 11.60
2022-04-08T16:46:50.009947, 11.60
2022-04-08T16:46:50.259969, 11.60
2022-04-08T16:46:50.510008, 11.60
2022-04-08T16:46:50.760028, 11.60
2022-04-08T16:46:51.010051, 11.60
2022-04-08T16:46:51.260090, 11.60
2022-04-08T16:46:51.510124, 11.60
2022-04-08T16:46:51.760307, 11.60
2022-04-08T16:46:52.010618, 11.59
2022-04-08T16:46:52.260219, 11.58
2022-04-08T16:46:52.509659, 11.58
2022-04-08T16:46:52.760261, 11.57
2022-04-08T16:46:53.009712, 11.57
2022-04-08T16:46:53.260321, 11.57
2022-04-08T16:46:53.509770, 11.57
2022-04-08T16:46:53.760378, 11.57
2022-04-08T16:46:54.009822, 11.57
2022-04-08T16:46:54.260439, 11.57
2022-04-08T16:46:54.509878, 11.57
2022-04-08T16:46:54.760491, 11.57
2022-04-08T16:46:55.009944, 11.57
2022-04-08T16:46:55.260553, 11.57
2022-04-08T16:46:55.509997, 11.57
2022-04-08T16:46:55.760623, 11.56
2022-04-08T16:46:56.010072, 11.56
2022-04-08T16:46:56.260107, 11.56
2022-04-08T16:46:56.510886, 11.56
2022-04-08T16:46:56.760741, 11.56
2022-04-08T16:46:57.009754, 11.56
2022-04-08T16:46:57.259797, 11.56
2022-04-08T16:46:57.510228, 11.56
2022-04-08T16:46:57.760419, 11.55
2022-04-08T16:46:58.009872, 11.54
2022-04-08T16:46:58.259909, 11.53
2022-04-08T16:46:58.510366, 11.53
2022-04-08T16:46:58.759961, 11.53
2022-04-08T16:46:59.010413, 11.53
2022-04-08T16:46:59.260041, 11.53
2022-04-08T16:46:59.510073, 11.53
2022-04-08T16:46:59.760082, 11.53
2022-04-08T16:47:00.010102, 11.53
2022-04-08T16:47:00.260134, 11.53
2022-04-08T16:47:00.510165, 11.53
2022-04-08T16:47:00.760192, 11.53
2022-04-08T16:47:01.010223, 11.52
2022-04-08T16:47:01.260255, 11.52
2022-04-08T16:47:01.510698, 11.52
2022-04-08T16:47:01.760311, 11.52
2022-04-08T16:47:02.010760, 11.52
2022-04-08T16:47:02.260374, 11.52
2022-04-08T16:47:02.510837, 11.52
2022-04-08T16:47:02.760421, 11.52
2022-04-08T16:47:03.010452, 11.52
2022-04-08T16:47:03.260483, 11.52
2022-04-08T16:47:03.510510, 11.51
2022-04-08T16:47:03.759964, 11.51
2022-04-08T16:47:04.009998, 11.50
2022-04-08T16:47:04.260603, 11.49
2022-04-08T16:47:04.510063, 11.49
2022-04-08T16:47:04.760661, 11.49
2022-04-08T16:47:05.010684, 11.49
2022-04-08T16:47:05.260716, 11.49
2022-04-08T16:47:05.510172, 11.49
2022-04-08T16:47:05.760203, 11.49
2022-04-08T16:47:06.010239, 11.48
2022-04-08T16:47:06.260249, 11.48
2022-04-08T16:47:06.510873, 11.48
2022-04-08T16:47:06.760316, 11.48
2022-04-08T16:47:07.010928, 11.48
2022-04-08T16:47:07.260376, 11.48
2022-04-08T16:47:07.510995, 11.48
2022-04-08T16:47:07.760449, 11.48
2022-04-08T16:47:08.010036, 11.48
2022-04-08T16:47:08.260496, 11.48
2022-04-08T16:47:08.510095, 11.48
2022-04-08T16:47:08.760549, 11.48
2022-04-08T16:47:09.010164, 11.48
2022-04-08T16:47:09.260609, 11.48
2022-04-08T16:47:09.510217, 11.48
2022-04-08T16:47:09.760665, 11.48
2022-04-08T16:47:10.010256, 11.48
2022-04-08T16:47:10.260728, 11.48
2022-04-08T16:47:10.510337, 11.47
2022-04-08T16:47:10.760364, 11.47
2022-04-08T16:47:11.010811, 11.46
2022-04-08T16:47:11.260427, 11.45
2022-04-08T16:47:11.509871, 11.45
2022-04-08T16:47:11.760476, 11.45
2022-04-08T16:47:12.010523, 11.45
2022-04-08T16:47:12.260542, 11.45
2022-04-08T16:47:12.510582, 11.45
2022-04-08T16:47:12.760606, 11.45
2022-04-08T16:47:13.010617, 11.45
2022-04-08T16:47:13.260081, 11.44
2022-04-08T16:47:13.510693, 11.44
2022-04-08T16:47:13.760142, 11.44
2022-04-08T16:47:14.010754, 11.44
2022-04-08T16:47:14.260184, 11.44
2022-04-08T16:47:14.510794, 11.44
2022-04-08T16:47:14.760828, 11.44
2022-04-08T16:47:15.010867, 11.44
2022-04-08T16:47:15.260893, 11.44
2022-04-08T16:47:15.509921, 11.44
2022-04-08T16:47:15.760950, 11.44
2022-04-08T16:47:16.009973, 11.44
2022-04-08T16:47:16.261005, 11.44
2022-04-08T16:47:16.510032, 11.44
2022-04-08T16:47:16.760484, 11.44
2022-04-08T16:47:17.010510, 11.44
2022-04-08T16:47:17.260540, 11.44
2022-04-08T16:47:17.510572, 11.44
2022-04-08T16:47:17.760601, 11.44
2022-04-08T16:47:18.010627, 11.44
2022-04-08T16:47:18.260653, 11.43
2022-04-08T16:47:18.510697, 11.42
2022-04-08T16:47:18.760359, 11.42
2022-04-08T16:47:19.010773, 11.41
2022-04-08T16:47:19.260800, 11.41
2022-04-08T16:47:19.510421, 11.41
2022-04-08T16:47:19.760873, 11.41
2022-04-08T16:47:20.010448, 11.41
2022-04-08T16:47:20.260476, 11.41
2022-04-08T16:47:20.510508, 11.41
2022-04-08T16:47:20.760958, 11.41
2022-04-08T16:47:21.011019, 11.41
2022-04-08T16:47:21.260624, 11.40
2022-04-08T16:47:21.510658, 11.40
2022-04-08T16:47:21.760840, 11.40
2022-04-08T16:47:22.010851, 11.40
2022-04-08T16:47:22.260743, 11.40
2022-04-08T16:47:22.510918, 11.40
2022-04-08T16:47:22.760233, 11.40
2022-04-08T16:47:23.010949, 11.40
2022-04-08T16:47:23.260863, 11.40
2022-04-08T16:47:23.510889, 11.40
2022-04-08T16:47:23.760914, 11.40
2022-04-08T16:47:24.011118, 11.40
2022-04-08T16:47:24.260941, 11.40
2022-04-08T16:47:24.510436, 11.40
2022-04-08T16:47:24.760420, 11.40
2022-04-08T16:47:25.011213, 11.40
2022-04-08T16:47:25.261093, 11.40
2022-04-08T16:47:25.511385, 11.40
2022-04-08T16:47:25.761158, 11.40
2022-04-08T16:47:26.010752, 11.40
2022-04-08T16:47:26.261215, 11.39
2022-04-08T16:47:26.511439, 11.39
2022-04-08T16:47:26.760688, 11.38
2022-04-08T16:47:27.010689, 11.38
2022-04-08T16:47:27.260717, 11.38
2022-04-08T16:47:27.510751, 11.37
2022-04-08T16:47:27.760792, 11.37
2022-04-08T16:47:28.010843, 11.37
2022-04-08T16:47:28.260452, 11.37
2022-04-08T16:47:28.510660, 11.37
2022-04-08T16:47:28.760650, 11.37
2022-04-08T16:47:29.010675, 11.37
2022-04-08T16:47:29.260982, 11.36
2022-04-08T16:47:29.510592, 11.36
2022-04-08T16:47:29.761046, 11.36
2022-04-08T16:47:30.010652, 11.36
2022-04-08T16:47:30.260683, 11.36
2022-04-08T16:47:30.511290, 11.36
2022-04-08T16:47:30.760742, 11.36
2022-04-08T16:47:31.011328, 11.36
2022-04-08T16:47:31.260797, 11.36
2022-04-08T16:47:31.511500, 11.36
2022-04-08T16:47:31.761003, 11.36
2022-04-08T16:47:32.010889, 11.36
2022-04-08T16:47:32.260887, 11.36
2022-04-08T16:47:32.510943, 11.36
2022-04-08T16:47:32.760971, 11.36
2022-04-08T16:47:33.011004, 11.36
2022-04-08T16:47:33.260998, 11.36
2022-04-08T16:47:33.511045, 11.36
2022-04-08T16:47:33.761086, 11.36
2022-04-08T16:47:34.011094, 11.36
2022-04-08T16:47:34.261125, 11.36
2022-04-08T16:47:34.511146, 11.36
2022-04-08T16:47:34.761175, 11.36
2022-04-08T16:47:35.011218, 11.35
2022-04-08T16:47:35.261264, 11.35
2022-04-08T16:47:35.510717, 11.35
2022-04-08T16:47:35.760747, 11.34
2022-04-08T16:47:36.010775, 11.33
2022-04-08T16:47:36.261602, 11.33
2022-04-08T16:47:36.511410, 11.33
2022-04-08T16:47:36.760623, 11.33
2022-04-08T16:47:37.011652, 11.33
2022-04-08T16:47:37.260921, 11.33
2022-04-08T16:47:37.511088, 11.33
2022-04-08T16:47:37.761116, 11.33
2022-04-08T16:47:38.010816, 11.33
2022-04-08T16:47:38.261616, 11.32
2022-04-08T16:47:38.510795, 11.32
2022-04-08T16:47:38.760673, 11.32
2022-04-08T16:47:39.011267, 11.32
2022-04-08T16:47:39.261118, 11.32
2022-04-08T16:47:39.510757, 11.32
2022-04-08T16:47:39.761210, 11.32
2022-04-08T16:47:40.011384, 11.32
2022-04-08T16:47:40.260989, 11.32
2022-04-08T16:47:40.511444, 11.32
2022-04-08T16:47:40.760913, 11.32
2022-04-08T16:47:41.010886, 11.32
2022-04-08T16:47:41.261334, 11.32
2022-04-08T16:47:41.510942, 11.32
2022-04-08T16:47:41.760984, 11.32
2022-04-08T16:47:42.011050, 11.32
2022-04-08T16:47:42.261499, 11.32
2022-04-08T16:47:42.511254, 11.32
2022-04-08T16:47:42.761144, 11.32
2022-04-08T16:47:43.011313, 11.32
2022-04-08T16:47:43.261337, 11.32
2022-04-08T16:47:43.511224, 11.32
2022-04-08T16:47:43.761392, 11.32
2022-04-08T16:47:44.011348, 11.32
2022-04-08T16:47:44.261463, 11.32
2022-04-08T16:47:44.510915, 11.31
2022-04-08T16:47:44.761539, 11.30
2022-04-08T16:47:45.010960, 11.30
2022-04-08T16:47:45.260851, 11.30
2022-04-08T16:47:45.511616, 11.29
2022-04-08T16:47:45.761059, 11.29
2022-04-08T16:47:46.010950, 11.29
2022-04-08T16:47:46.261758, 11.29
2022-04-08T16:47:46.511144, 11.29
2022-04-08T16:47:46.761786, 11.29
2022-04-08T16:47:47.011207, 11.29
2022-04-08T16:47:47.261094, 11.29
2022-04-08T16:47:47.511269, 11.28
2022-04-08T16:47:47.761732, 11.28
2022-04-08T16:47:48.011148, 11.28
2022-04-08T16:47:48.261174, 11.28
2022-04-08T16:47:48.510760, 11.28
2022-04-08T16:47:48.760819, 11.28
2022-04-08T16:47:49.011995, 11.28
2022-04-08T16:47:49.261297, 11.28
2022-04-08T16:47:49.511323, 11.28
2022-04-08T16:47:49.761489, 11.28
2022-04-08T16:47:50.011520, 11.28
2022-04-08T16:47:50.261137, 11.28
2022-04-08T16:47:50.511162, 11.28
2022-04-08T16:47:50.761048, 11.28
2022-04-08T16:47:51.011674, 11.28
2022-04-08T16:47:51.261709, 11.28
2022-04-08T16:47:51.511323, 11.28
2022-04-08T16:47:51.761342, 11.28
2022-04-08T16:47:52.011370, 11.28
2022-04-08T16:47:52.261230, 11.28
2022-04-08T16:47:52.511426, 11.28
2022-04-08T16:47:52.760715, 11.28
2022-04-08T16:47:53.011894, 11.28
2022-04-08T16:47:53.261341, 11.28
2022-04-08T16:47:53.511380, 11.28
2022-04-08T16:47:53.761545, 11.27
2022-04-08T16:47:54.010861, 11.27
2022-04-08T16:47:54.261462, 11.27
2022-04-08T16:47:54.511470, 11.26
2022-04-08T16:47:54.761523, 11.26
2022-04-08T16:47:55.011539, 11.26
2022-04-08T16:47:55.261570, 11.25
2022-04-08T16:47:55.511596, 11.25
2022-04-08T16:47:55.761046, 11.25
2022-04-08T16:47:56.011678, 11.25
2022-04-08T16:47:56.261121, 11.25
2022-04-08T16:47:56.511929, 11.25
2022-04-08T16:47:56.761173, 11.25
2022-04-08T16:47:57.011209, 11.25
2022-04-08T16:47:57.261827, 11.24
2022-04-08T16:47:57.511284, 11.24
2022-04-08T16:47:57.761898, 11.24
2022-04-08T16:47:58.011413, 11.24
2022-04-08T16:47:58.261371, 11.24
2022-04-08T16:47:58.511402, 11.24
2022-04-08T16:47:58.761437, 11.24
2022-04-08T16:47:59.012043, 11.24
2022-04-08T16:47:59.261485, 11.24
2022-04-08T16:47:59.511232, 11.24
2022-04-08T16:47:59.761655, 11.24
2022-04-08T16:48:00.011712, 11.24
2022-04-08T16:48:00.261144, 11.24
2022-04-08T16:48:00.511237, 11.24
2022-04-08T16:48:00.761241, 11.24
2022-04-08T16:48:01.011845, 11.24
2022-04-08T16:48:01.261292, 11.24
2022-04-08T16:48:01.511341, 11.24
2022-04-08T16:48:01.761784, 11.24
2022-04-08T16:48:02.011365, 11.24
2022-04-08T16:48:02.261393, 11.24
2022-04-08T16:48:02.511430, 11.24
2022-04-08T16:48:02.761415, 11.24
2022-04-08T16:48:03.012107, 11.24
2022-04-08T16:48:03.261529, 11.24
2022-04-08T16:48:03.512239, 11.23
2022-04-08T16:48:03.761588, 11.23
2022-04-08T16:48:04.011240, 11.23
2022-04-08T16:48:04.261795, 11.22
2022-04-08T16:48:04.511841, 11.21
2022-04-08T16:48:04.761142, 11.21
2022-04-08T16:48:05.011894, 11.21
2022-04-08T16:48:05.261173, 11.21
2022-04-08T16:48:05.511369, 11.21
2022-04-08T16:48:05.761834, 11.21
2022-04-08T16:48:06.012078, 11.21
2022-04-08T16:48:06.261288, 11.21
2022-04-08T16:48:06.512127, 11.21
2022-04-08T16:48:06.761948, 11.20
2022-04-08T16:48:07.011543, 11.20
2022-04-08T16:48:07.261411, 11.20
2022-04-08T16:48:07.511585, 11.20
2022-04-08T16:48:07.761477, 11.20
2022-04-08T16:48:08.011636, 11.20
2022-04-08T16:48:08.261684, 11.20
2022-04-08T16:48:08.511298, 11.20
2022-04-08T16:48:08.761123, 11.20
2022-04-08T16:48:09.011165, 11.20
2022-04-08T16:48:09.262199, 11.20
2022-04-08T16:48:09.511668, 11.20
2022-04-08T16:48:09.761679, 11.20
2022-04-08T16:48:10.011716, 11.20
2022-04-08T16:48:10.261755, 11.20
2022-04-08T16:48:10.511928, 11.20
2022-04-08T16:48:10.761815, 11.20
2022-04-08T16:48:11.011432, 11.20
2022-04-08T16:48:11.261876, 11.20
2022-04-08T16:48:11.511491, 11.20
2022-04-08T16:48:11.761545, 11.20
2022-04-08T16:48:12.011548, 11.20
2022-04-08T16:48:12.261576, 11.20
2022-04-08T16:48:12.511758, 11.20
2022-04-08T16:48:12.761630, 11.20
2022-04-08T16:48:13.011655, 11.20
2022-04-08T16:48:13.261693, 11.20
2022-04-08T16:48:13.511141, 11.20
2022-04-08T16:48:13.762144, 11.19
2022-04-08T16:48:14.011769, 11.19
2022-04-08T16:48:14.261228, 11.18
2022-04-08T16:48:14.511832, 11.18
2022-04-08T16:48:14.761863, 11.18
2022-04-08T16:48:15.011329, 11.17
2022-04-08T16:48:15.261944, 11.17
2022-04-08T16:48:15.511932, 11.17
2022-04-08T16:48:15.761406, 11.17
2022-04-08T16:48:16.011992, 11.17
2022-04-08T16:48:16.262010, 11.17
2022-04-08T16:48:16.511469, 11.17
2022-04-08T16:48:16.762081, 11.17
2022-04-08T16:48:17.011564, 11.16
2022-04-08T16:48:17.261593, 11.17
2022-04-08T16:48:17.512165, 11.16
2022-04-08T16:48:17.761650, 11.16
2022-04-08T16:48:18.011244, 11.16
2022-04-08T16:48:18.261708, 11.16
2022-04-08T16:48:18.511721, 11.16
2022-04-08T16:48:18.762310, 11.16
2022-04-08T16:48:19.011823, 11.16
2022-04-08T16:48:19.261355, 11.16
2022-04-08T16:48:19.511995, 11.16
2022-04-08T16:48:19.761470, 11.16
2022-04-08T16:48:20.011922, 11.16
2022-04-08T16:48:20.261943, 11.16
2022-04-08T16:48:20.511553, 11.16
2022-04-08T16:48:20.761998, 11.16
2022-04-08T16:48:21.011610, 11.16
2022-04-08T16:48:21.262038, 11.16
2022-04-08T16:48:21.511664, 11.16
2022-04-08T16:48:21.761702, 11.16
2022-04-08T16:48:22.012150, 11.16
2022-04-08T16:48:22.261737, 11.16
2022-04-08T16:48:22.512168, 11.16
2022-04-08T16:48:22.761791, 11.16
2022-04-08T16:48:23.011823, 11.16
2022-04-08T16:48:23.262259, 11.16
2022-04-08T16:48:23.511880, 11.16
2022-04-08T16:48:23.761892, 11.16
2022-04-08T16:48:24.011966, 11.16
2022-04-08T16:48:24.261987, 11.16
2022-04-08T16:48:24.512027, 11.15
2022-04-08T16:48:24.762047, 11.15
2022-04-08T16:48:25.012051, 11.15
2022-04-08T16:48:25.261490, 11.14
2022-04-08T16:48:25.512096, 11.14
2022-04-08T16:48:25.761531, 11.14
2022-04-08T16:48:26.012161, 11.13
2022-04-08T16:48:26.262190, 11.13
2022-04-08T16:48:26.511635, 11.13
2022-04-08T16:48:26.761691, 11.13
2022-04-08T16:48:27.012267, 11.13
2022-04-08T16:48:27.261790, 11.13
2022-04-08T16:48:27.511775, 11.13
2022-04-08T16:48:27.761404, 11.12
2022-04-08T16:48:28.012384, 11.13
2022-04-08T16:48:28.261870, 11.12
2022-04-08T16:48:28.511877, 11.12
2022-04-08T16:48:28.762475, 11.12
2022-04-08T16:48:29.011922, 11.12
2022-04-08T16:48:29.261959, 11.12
2022-04-08T16:48:29.511999, 11.12
2022-04-08T16:48:29.762010, 11.12
2022-04-08T16:48:30.011604, 11.12
2022-04-08T16:48:30.261657, 11.12
2022-04-08T16:48:30.512118, 11.12
2022-04-08T16:48:30.762133, 11.12
2022-04-08T16:48:31.011728, 11.12
2022-04-08T16:48:31.262187, 11.12
2022-04-08T16:48:31.512244, 11.12
2022-04-08T16:48:31.761855, 11.12
2022-04-08T16:48:32.012271, 11.12
2022-04-08T16:48:32.261913, 11.12
2022-04-08T16:48:32.511971, 11.12
2022-04-08T16:48:32.762372, 11.12
2022-04-08T16:48:33.011974, 11.12
2022-04-08T16:48:33.261994, 11.12
2022-04-08T16:48:33.512462, 11.12
2022-04-08T16:48:33.762087, 11.12
2022-04-08T16:48:34.012091, 11.12
2022-04-08T16:48:34.261545, 11.12
2022-04-08T16:48:34.512148, 11.12
2022-04-08T16:48:34.762210, 11.12
2022-04-08T16:48:35.012211, 11.12
2022-04-08T16:48:35.262243, 11.12
2022-04-08T16:48:35.511716, 11.12
2022-04-08T16:48:35.761724, 11.11
2022-04-08T16:48:36.012365, 11.11
2022-04-08T16:48:36.262394, 11.11
2022-04-08T16:48:36.511839, 11.11
2022-04-08T16:48:36.762460, 11.11
2022-04-08T16:48:37.012474, 11.10
2022-04-08T16:48:37.261897, 11.10
2022-04-08T16:48:37.512508, 11.10
2022-04-08T16:48:37.762537, 11.09
2022-04-08T16:48:38.012580, 11.09
2022-04-08T16:48:38.262043, 11.09
2022-04-08T16:48:38.512664, 11.09
2022-04-08T16:48:38.762668, 11.09
2022-04-08T16:48:39.012127, 11.09
2022-04-08T16:48:39.262124, 11.09
2022-04-08T16:48:39.511781, 11.08
2022-04-08T16:48:39.762765, 11.08
2022-04-08T16:48:40.012221, 11.08
2022-04-08T16:48:40.261860, 11.08
2022-04-08T16:48:40.512270, 11.08
2022-04-08T16:48:40.761910, 11.08
2022-04-08T16:48:41.012086, 11.08
2022-04-08T16:48:41.262393, 11.08
2022-04-08T16:48:41.512422, 11.08
2022-04-08T16:48:41.761994, 11.08
2022-04-08T16:48:42.012466, 11.08
2022-04-08T16:48:42.262472, 11.08
2022-04-08T16:48:42.512106, 11.08
2022-04-08T16:48:42.762130, 11.08
2022-04-08T16:48:43.012155, 11.08
2022-04-08T16:48:43.262172, 11.08
2022-04-08T16:48:43.512232, 11.08
2022-04-08T16:48:43.762682, 11.08
2022-04-08T16:48:44.012259, 11.08
2022-04-08T16:48:44.262275, 11.08
2022-04-08T16:48:44.512738, 11.08
2022-04-08T16:48:44.762355, 11.08
2022-04-08T16:48:45.011832, 11.08
2022-04-08T16:48:45.262430, 11.08
2022-04-08T16:48:45.512452, 11.08
2022-04-08T16:48:45.762484, 11.08
2022-04-08T16:48:46.011922, 11.08
2022-04-08T16:48:46.262530, 11.08
2022-04-08T16:48:46.512574, 11.08
2022-04-08T16:48:46.762030, 11.08
2022-04-08T16:48:47.012618, 11.08
2022-04-08T16:48:47.262070, 11.08
2022-04-08T16:48:47.512107, 11.08
2022-04-08T16:48:47.762732, 11.07
2022-04-08T16:48:48.012749, 11.07
2022-04-08T16:48:48.262783, 11.07
2022-04-08T16:48:48.512811, 11.06
2022-04-08T16:48:48.762845, 11.06
2022-04-08T16:48:49.012270, 11.06
2022-04-08T16:48:49.262875, 11.05
2022-04-08T16:48:49.512907, 11.05
2022-04-08T16:48:49.761937, 11.05
2022-04-08T16:48:50.011969, 11.05
2022-04-08T16:48:50.262417, 11.05
2022-04-08T16:48:50.512451, 11.05
2022-04-08T16:48:50.762490, 11.05
2022-04-08T16:48:51.013086, 11.05
2022-04-08T16:48:51.262112, 11.04
2022-04-08T16:48:51.512135, 11.04
2022-04-08T16:48:51.762157, 11.04
2022-04-08T16:48:52.012185, 11.04
2022-04-08T16:48:52.262217, 11.04
2022-04-08T16:48:52.512265, 11.04
2022-04-08T16:48:52.762289, 11.04
2022-04-08T16:48:53.012302, 11.04
2022-04-08T16:48:53.262309, 11.04
2022-04-08T16:48:53.512368, 11.04
2022-04-08T16:48:53.762397, 11.04
2022-04-08T16:48:54.012421, 11.04
2022-04-08T16:48:54.262450, 11.04
2022-04-08T16:48:54.511898, 11.04
2022-04-08T16:48:54.762510, 11.04
2022-04-08T16:48:55.011970, 11.04
2022-04-08T16:48:55.262575, 11.04
2022-04-08T16:48:55.512606, 11.04
2022-04-08T16:48:55.762626, 11.04
2022-04-08T16:48:56.012662, 11.04
2022-04-08T16:48:56.262107, 11.04
2022-04-08T16:48:56.512716, 11.04
2022-04-08T16:48:56.762168, 11.04
2022-04-08T16:48:57.012776, 11.04
2022-04-08T16:48:57.262255, 11.04
2022-04-08T16:48:57.512857, 11.04
2022-04-08T16:48:57.762276, 11.04
2022-04-08T16:48:58.012315, 11.04
2022-04-08T16:48:58.262319, 11.04
2022-04-08T16:48:58.512379, 11.04
2022-04-08T16:48:58.762402, 11.04
2022-04-08T16:48:59.012433, 11.04
2022-04-08T16:48:59.262489, 11.04
2022-04-08T16:48:59.512489, 11.04
2022-04-08T16:48:59.762538, 11.04
2022-04-08T16:49:00.012568, 11.04
2022-04-08T16:49:00.262170, 11.04
2022-04-08T16:49:00.512610, 11.03
2022-04-08T16:49:00.762633, 11.04
2022-04-08T16:49:01.012661, 11.03
2022-04-08T16:49:01.262711, 11.03
2022-04-08T16:49:01.512887, 11.03
2022-04-08T16:49:01.762769, 11.03
2022-04-08T16:49:02.012379, 11.02
2022-04-08T16:49:02.262404, 11.02
2022-04-08T16:49:02.512441, 11.02
2022-04-08T16:49:02.762444, 11.01
2022-04-08T16:49:03.012922, 11.01
2022-04-08T16:49:03.262925, 11.01
2022-04-08T16:49:03.512558, 11.01
2022-04-08T16:49:03.762724, 11.01
2022-04-08T16:49:04.013031, 11.01
2022-04-08T16:49:04.262638, 11.01
2022-04-08T16:49:04.512672, 11.01
2022-04-08T16:49:04.762680, 11.00
2022-04-08T16:49:05.012691, 11.00
2022-04-08T16:49:05.262731, 11.00
2022-04-08T16:49:05.512780, 11.00
2022-04-08T16:49:05.762797, 11.00
2022-04-08T16:49:06.012254, 11.00
2022-04-08T16:49:06.262865, 11.00
2022-04-08T16:49:06.512904, 11.00
2022-04-08T16:49:06.762933, 11.00
2022-04-08T16:49:07.012970, 11.00
2022-04-08T16:49:07.262403, 11.00
2022-04-08T16:49:07.512999, 11.00
2022-04-08T16:49:07.762449, 11.00
2022-04-08T16:49:08.013061, 11.00
2022-04-08T16:49:08.263070, 11.00
2022-04-08T16:49:08.512120, 11.00
2022-04-08T16:49:08.763150, 11.00
2022-04-08T16:49:09.012600, 11.00
2022-04-08T16:49:09.262647, 11.00
2022-04-08T16:49:09.512672, 11.00
2022-04-08T16:49:09.762284, 11.00
2022-04-08T16:49:10.013299, 11.00
2022-04-08T16:49:10.262340, 11.00
2022-04-08T16:49:10.513369, 11.00
2022-04-08T16:49:10.762799, 11.00
2022-04-08T16:49:11.012836, 11.00
2022-04-08T16:49:11.262862, 11.00
2022-04-08T16:49:11.512509, 11.00
2022-04-08T16:49:11.763537, 11.00
2022-04-08T16:49:12.012507, 11.00
2022-04-08T16:49:12.262557, 11.00
2022-04-08T16:49:12.513007, 11.00
2022-04-08T16:49:12.763046, 11.00
2022-04-08T16:49:13.013070, 11.00
2022-04-08T16:49:13.262680, 11.00
2022-04-08T16:49:13.512748, 11.00
2022-04-08T16:49:13.762767, 11.00
2022-04-08T16:49:14.012783, 11.00
2022-04-08T16:49:14.262815, 11.00
2022-04-08T16:49:14.513236, 11.00
2022-04-08T16:49:14.762868, 10.99
2022-04-08T16:49:15.012879, 10.99
2022-04-08T16:49:15.262912, 10.99
2022-04-08T16:49:15.512966, 10.99
2022-04-08T16:49:15.763004, 10.99
2022-04-08T16:49:16.013014, 10.99
2022-04-08T16:49:16.263027, 10.98
2022-04-08T16:49:16.512476, 10.98
2022-04-08T16:49:16.763088, 10.98
2022-04-08T16:49:17.013112, 10.98
2022-04-08T16:49:17.263142, 10.97
2022-04-08T16:49:17.513168, 10.97
2022-04-08T16:49:17.763191, 10.97
2022-04-08T16:49:18.012630, 10.97
2022-04-08T16:49:18.262682, 10.97
2022-04-08T16:49:18.512707, 10.97
2022-04-08T16:49:18.763312, 10.96
2022-04-08T16:49:19.013411, 10.96
2022-04-08T16:49:19.262801, 10.96
2022-04-08T16:49:19.512827, 10.96
2022-04-08T16:49:19.762849, 10.96
2022-04-08T16:49:20.012881, 10.96
2022-04-08T16:49:20.262485, 10.96
2022-04-08T16:49:20.512935, 10.96
2022-04-08T16:49:20.762968, 10.96
2022-04-08T16:49:21.012581, 10.96
2022-04-08T16:49:21.263607, 10.96
2022-04-08T16:49:21.513049, 10.96
2022-04-08T16:49:21.763101, 10.96
2022-04-08T16:49:22.012697, 10.96
2022-04-08T16:49:22.263146, 10.96
2022-04-08T16:49:22.512749, 10.96
2022-04-08T16:49:22.762792, 10.96
2022-04-08T16:49:23.013225, 10.96
2022-04-08T16:49:23.262838, 10.96
2022-04-08T16:49:23.512865, 10.96
2022-04-08T16:49:23.763314, 10.96
2022-04-08T16:49:24.013344, 10.96
2022-04-08T16:49:24.262952, 10.96
2022-04-08T16:49:24.512987, 10.96
2022-04-08T16:49:24.763012, 10.96
2022-04-08T16:49:25.013040, 10.96
2022-04-08T16:49:25.263492, 10.96
2022-04-08T16:49:25.513099, 10.96
2022-04-08T16:49:25.763135, 10.96
2022-04-08T16:49:26.013143, 10.96
2022-04-08T16:49:26.263191, 10.96
2022-04-08T16:49:26.513249, 10.96
2022-04-08T16:49:26.762677, 10.96
2022-04-08T16:49:27.013270, 10.96
2022-04-08T16:49:27.263312, 10.96
2022-04-08T16:49:27.512759, 10.96
2022-04-08T16:49:27.763371, 10.96
2022-04-08T16:49:28.013396, 10.96
2022-04-08T16:49:28.263425, 10.96
2022-04-08T16:49:28.512873, 10.96
2022-04-08T16:49:28.763487, 10.96
2022-04-08T16:49:29.012936, 10.96
2022-04-08T16:49:29.262535, 10.96
2022-04-08T16:49:29.513565, 10.96
2022-04-08T16:49:29.763010, 10.96
2022-04-08T16:49:30.013040, 10.96
2022-04-08T16:49:30.263652, 10.96
2022-04-08T16:49:30.513102, 10.96
2022-04-08T16:49:30.763152, 10.96
2022-04-08T16:49:31.012757, 10.96
2022-04-08T16:49:31.263804, 10.96
2022-04-08T16:49:31.512823, 10.96
2022-04-08T16:49:31.762872, 10.96
2022-04-08T16:49:32.013295, 10.96
2022-04-08T16:49:32.263352, 10.96
2022-04-08T16:49:32.512947, 10.96
2022-04-08T16:49:32.763408, 10.96
2022-04-08T16:49:33.013419, 10.95
2022-04-08T16:49:33.263040, 10.95
2022-04-08T16:49:33.513465, 10.95
2022-04-08T16:49:33.763090, 10.95
2022-04-08T16:49:34.013127, 10.95
2022-04-08T16:49:34.263157, 10.95
2022-04-08T16:49:34.513192, 10.94
2022-04-08T16:49:34.762651, 10.95
2022-04-08T16:49:35.013676, 10.94
2022-04-08T16:49:35.263682, 10.94
2022-04-08T16:49:35.513321, 10.94
2022-04-08T16:49:35.762757, 10.94
2022-04-08T16:49:36.013357, 10.94
2022-04-08T16:49:36.263403, 10.93
2022-04-08T16:49:36.512852, 10.93
2022-04-08T16:49:36.762877, 10.93
2022-04-08T16:49:37.013898, 10.93
2022-04-08T16:49:37.263474, 10.93
2022-04-08T16:49:37.513537, 10.93
2022-04-08T16:49:37.763570, 10.93
2022-04-08T16:49:38.013565, 10.93
2022-04-08T16:49:38.263009, 10.93
2022-04-08T16:49:38.513062, 10.92
2022-04-08T16:49:38.763668, 10.92
2022-04-08T16:49:39.013705, 10.92
2022-04-08T16:49:39.263169, 10.92
2022-04-08T16:49:39.513771, 10.92
2022-04-08T16:49:39.763226, 10.92
2022-04-08T16:49:40.013221, 10.92
2022-04-08T16:49:40.263817, 10.92
2022-04-08T16:49:40.513296, 10.92
2022-04-08T16:49:40.763307, 10.92
2022-04-08T16:49:41.013948, 10.92
2022-04-08T16:49:41.263958, 10.92
2022-04-08T16:49:41.513421, 10.92
2022-04-08T16:49:41.763038, 10.92
2022-04-08T16:49:42.013485, 10.92
2022-04-08T16:49:42.263092, 10.92
2022-04-08T16:49:42.513135, 10.92
2022-04-08T16:49:42.763580, 10.92
2022-04-08T16:49:43.013598, 10.92
2022-04-08T16:49:43.263208, 10.92
2022-04-08T16:49:43.513656, 10.92
2022-04-08T16:49:43.763678, 10.92
2022-04-08T16:49:44.013289, 10.92
2022-04-08T16:49:44.263727, 10.92
2022-04-08T16:49:44.513364, 10.92
2022-04-08T16:49:44.763365, 10.92
2022-04-08T16:49:45.013416, 10.92
2022-04-08T16:49:45.263861, 10.92
2022-04-08T16:49:45.513476, 10.92
2022-04-08T16:49:45.763493, 10.92
2022-04-08T16:49:46.013927, 10.92
2022-04-08T16:49:46.263547, 10.92
2022-04-08T16:49:46.513019, 10.92
2022-04-08T16:49:46.763624, 10.92
2022-04-08T16:49:47.013632, 10.92
2022-04-08T16:49:47.263662, 10.92
2022-04-08T16:49:47.513686, 10.92
2022-04-08T16:49:47.763702, 10.92
2022-04-08T16:49:48.013745, 10.92
2022-04-08T16:49:48.263176, 10.92
2022-04-08T16:49:48.513786, 10.92
2022-04-08T16:49:48.763238, 10.92
2022-04-08T16:49:49.013273, 10.92
2022-04-08T16:49:49.263889, 10.92
2022-04-08T16:49:49.513346, 10.92
2022-04-08T16:49:49.763407, 10.92
2022-04-08T16:49:50.014014, 10.92
2022-04-08T16:49:50.264040, 10.92
2022-04-08T16:49:50.513457, 10.92
2022-04-08T16:49:50.763497, 10.92
2022-04-08T16:49:51.013527, 10.92
2022-04-08T16:49:51.263583, 10.92
2022-04-08T16:49:51.513156, 10.92
2022-04-08T16:49:51.763640, 10.92
2022-04-08T16:49:52.013634, 10.92
2022-04-08T16:49:52.263271, 10.92
2022-04-08T16:49:52.514283, 10.92
2022-04-08T16:49:52.763763, 10.92
2022-04-08T16:49:53.013340, 10.92
2022-04-08T16:49:53.263780, 10.92
2022-04-08T16:49:53.513403, 10.92
2022-04-08T16:49:53.763397, 10.92
2022-04-08T16:49:54.013871, 10.92
2022-04-08T16:49:54.263919, 10.92
2022-04-08T16:49:54.513511, 10.91
2022-04-08T16:49:54.763512, 10.91
2022-04-08T16:49:55.013543, 10.91
2022-04-08T16:49:55.263569, 10.91
2022-04-08T16:49:55.514001, 10.91
2022-04-08T16:49:55.763614, 10.91
2022-04-08T16:49:56.013666, 10.91
2022-04-08T16:49:56.263724, 10.91
2022-04-08T16:49:56.513185, 10.91
2022-04-08T16:49:56.763775, 10.90
2022-04-08T16:49:57.013794, 10.90
2022-04-08T16:49:57.263833, 10.90
2022-04-08T16:49:57.513820, 10.90
2022-04-08T16:49:57.763862, 10.89
2022-04-08T16:49:58.013894, 10.89
2022-04-08T16:49:58.263351, 10.89
2022-04-08T16:49:58.513377, 10.89
2022-04-08T16:49:58.763986, 10.89
2022-04-08T16:49:59.014015, 10.89
2022-04-08T16:49:59.264046, 10.89
2022-04-08T16:49:59.513482, 10.89
2022-04-08T16:49:59.763527, 10.89
2022-04-08T16:50:00.013124, 10.89
2022-04-08T16:50:00.264149, 10.89
2022-04-08T16:50:00.514199, 10.89
2022-04-08T16:50:00.763635, 10.88
2022-04-08T16:50:01.013716, 10.88
2022-04-08T16:50:01.263714, 10.88
2022-04-08T16:50:01.514343, 10.88
2022-04-08T16:50:01.763768, 10.88
2022-04-08T16:50:02.013781, 10.88
2022-04-08T16:50:02.264399, 10.88
2022-04-08T16:50:02.513841, 10.88
2022-04-08T16:50:02.763454, 10.88
2022-04-08T16:50:03.013477, 10.88
2022-04-08T16:50:03.263928, 10.88
2022-04-08T16:50:03.513541, 10.88
2022-04-08T16:50:03.763728, 10.88
2022-04-08T16:50:04.014030, 10.88
2022-04-08T16:50:04.264049, 10.88
2022-04-08T16:50:04.513655, 10.88
2022-04-08T16:50:04.763707, 10.88
2022-04-08T16:50:05.013725, 10.88
2022-04-08T16:50:05.263768, 10.88
2022-04-08T16:50:05.514189, 10.88
2022-04-08T16:50:05.763971, 10.88
2022-04-08T16:50:06.013847, 10.88
2022-04-08T16:50:06.264277, 10.88
2022-04-08T16:50:06.513899, 10.88
2022-04-08T16:50:06.763940, 10.88
2022-04-08T16:50:07.013379, 10.88
2022-04-08T16:50:07.263975, 10.88
2022-04-08T16:50:07.514023, 10.88
2022-04-08T16:50:07.763468, 10.88
2022-04-08T16:50:08.014121, 10.88
2022-04-08T16:50:08.264115, 10.88
2022-04-08T16:50:08.514136, 10.88
2022-04-08T16:50:08.764150, 10.88
2022-04-08T16:50:09.014221, 10.88
2022-04-08T16:50:09.264227, 10.88
2022-04-08T16:50:09.513274, 10.88
2022-04-08T16:50:09.764287, 10.88
2022-04-08T16:50:10.013752, 10.88
2022-04-08T16:50:10.263796, 10.88
2022-04-08T16:50:10.514396, 10.88
2022-04-08T16:50:10.763856, 10.88
2022-04-08T16:50:11.013869, 10.88
2022-04-08T16:50:11.264477, 10.88
2022-04-08T16:50:11.514508, 10.88
2022-04-08T16:50:11.763533, 10.88
2022-04-08T16:50:12.014566, 10.88
2022-04-08T16:50:12.264012, 10.88
2022-04-08T16:50:12.514044, 10.88
2022-04-08T16:50:12.763820, 10.88
2022-04-08T16:50:13.014105, 10.88
2022-04-08T16:50:13.264116, 10.88
2022-04-08T16:50:13.513750, 10.88
2022-04-08T16:50:13.764467, 10.88
2022-04-08T16:50:14.014222, 10.88
2022-04-08T16:50:14.263969, 10.88
2022-04-08T16:50:14.514526, 10.88
2022-04-08T16:50:14.764031, 10.88
2022-04-08T16:50:15.013911, 10.88
2022-04-08T16:50:15.263913, 10.88
2022-04-08T16:50:15.514378, 10.88
2022-04-08T16:50:15.763969, 10.88
2022-04-08T16:50:16.014018, 10.88
2022-04-08T16:50:16.264629, 10.87
2022-04-08T16:50:16.514341, 10.88
2022-04-08T16:50:16.764102, 10.87
2022-04-08T16:50:17.014146, 10.87
2022-04-08T16:50:17.264182, 10.87
2022-04-08T16:50:17.514206, 10.87
2022-04-08T16:50:17.764397, 10.87
2022-04-08T16:50:18.014262, 10.87
2022-04-08T16:50:18.263719, 10.87
2022-04-08T16:50:18.513745, 10.87
2022-04-08T16:50:18.763931, 10.86
2022-04-08T16:50:19.014388, 10.86
2022-04-08T16:50:19.264415, 10.86
2022-04-08T16:50:19.514440, 10.86
2022-04-08T16:50:19.764474, 10.86
2022-04-08T16:50:20.013904, 10.86
2022-04-08T16:50:20.264588, 10.85
2022-04-08T16:50:20.514699, 10.85
2022-04-08T16:50:20.764055, 10.85
2022-04-08T16:50:21.014038, 10.85
2022-04-08T16:50:21.263645, 10.85
2022-04-08T16:50:21.514245, 10.85
2022-04-08T16:50:21.764844, 10.85
2022-04-08T16:50:22.014154, 10.85
2022-04-08T16:50:22.264160, 10.85
2022-04-08T16:50:22.514209, 10.85
2022-04-08T16:50:22.764223, 10.84
2022-04-08T16:50:23.014850, 10.84
2022-04-08T16:50:23.264320, 10.84
2022-04-08T16:50:23.513906, 10.84
2022-04-08T16:50:23.764531, 10.84
2022-04-08T16:50:24.013977, 10.84
2022-04-08T16:50:24.264044, 10.84
2022-04-08T16:50:24.514430, 10.84
2022-04-08T16:50:24.764054, 10.84
2022-04-08T16:50:25.014493, 10.84
2022-04-08T16:50:25.264095, 10.84
2022-04-08T16:50:25.514138, 10.84
2022-04-08T16:50:25.764738, 10.84
2022-04-08T16:50:26.014325, 10.84
2022-04-08T16:50:26.264785, 10.84
2022-04-08T16:50:26.514259, 10.84
2022-04-08T16:50:26.764293, 10.84
2022-04-08T16:50:27.014305, 10.84
2022-04-08T16:50:27.264310, 10.84
2022-04-08T16:50:27.514381, 10.84
2022-04-08T16:50:27.764404, 10.84
2022-04-08T16:50:28.014412, 10.84
2022-04-08T16:50:28.264450, 10.84
2022-04-08T16:50:28.514792, 10.84
2022-04-08T16:50:28.764506, 10.84
2022-04-08T16:50:29.014534, 10.84
2022-04-08T16:50:29.264568, 10.84
2022-04-08T16:50:29.514013, 10.84
2022-04-08T16:50:29.764025, 10.84
2022-04-08T16:50:30.014055, 10.84
2022-04-08T16:50:30.264662, 10.84
2022-04-08T16:50:30.514681, 10.84
2022-04-08T16:50:30.763714, 10.84
2022-04-08T16:50:31.014744, 10.84
2022-04-08T16:50:31.264194, 10.84
2022-04-08T16:50:31.514801, 10.84
2022-04-08T16:50:31.764256, 10.84
2022-04-08T16:50:32.014291, 10.84
2022-04-08T16:50:32.264896, 10.84
2022-04-08T16:50:32.513913, 10.84
2022-04-08T16:50:32.764946, 10.84
2022-04-08T16:50:33.014394, 10.84
2022-04-08T16:50:33.264427, 10.84
2022-04-08T16:50:33.514457, 10.84
2022-04-08T16:50:33.764075, 10.84
2022-04-08T16:50:34.014128, 10.84
2022-04-08T16:50:34.264601, 10.84
2022-04-08T16:50:34.514178, 10.84
2022-04-08T16:50:34.764611, 10.84
2022-04-08T16:50:35.014609, 10.84
2022-04-08T16:50:35.264260, 10.83
2022-04-08T16:50:35.514274, 10.84
2022-04-08T16:50:35.764304, 10.84
2022-04-08T16:50:36.014765, 10.84
2022-04-08T16:50:36.264355, 10.84
2022-04-08T16:50:36.514405, 10.84
2022-04-08T16:50:36.764845, 10.83
2022-04-08T16:50:37.014455, 10.83
2022-04-08T16:50:37.264474, 10.83
2022-04-08T16:50:37.514954, 10.83
2022-04-08T16:50:37.764565, 10.83
2022-04-08T16:50:38.014018, 10.83
2022-04-08T16:50:38.264618, 10.83
2022-04-08T16:50:38.514650, 10.83
2022-04-08T16:50:38.764683, 10.83
2022-04-08T16:50:39.014136, 10.83
2022-04-08T16:50:39.264737, 10.83
2022-04-08T16:50:39.514770, 10.83
2022-04-08T16:50:39.764211, 10.83
2022-04-08T16:50:40.014795, 10.83
2022-04-08T16:50:40.264242, 10.83
2022-04-08T16:50:40.514309, 10.82
2022-04-08T16:50:40.764911, 10.82
2022-04-08T16:50:41.014929, 10.82
2022-04-08T16:50:41.263939, 10.81
2022-04-08T16:50:41.514990, 10.81
2022-04-08T16:50:41.764997, 10.81
2022-04-08T16:50:42.014446, 10.81
2022-04-08T16:50:42.264478, 10.81
2022-04-08T16:50:42.515132, 10.81
2022-04-08T16:50:42.764540, 10.81
2022-04-08T16:50:43.014589, 10.81
2022-04-08T16:50:43.264605, 10.81
2022-04-08T16:50:43.515232, 10.81
2022-04-08T16:50:43.764657, 10.80
2022-04-08T16:50:44.014681, 10.80
2022-04-08T16:50:44.264288, 10.80
2022-04-08T16:50:44.514714, 10.80
2022-04-08T16:50:44.764331, 10.80
2022-04-08T16:50:45.014379, 10.80
2022-04-08T16:50:45.264851, 10.80
2022-04-08T16:50:45.514439, 10.80
2022-04-08T16:50:45.764469, 10.80
2022-04-08T16:50:46.014500, 10.80
2022-04-08T16:50:46.264941, 10.80
2022-04-08T16:50:46.514551, 10.80
2022-04-08T16:50:46.764612, 10.80
2022-04-08T16:50:47.015036, 10.80
2022-04-08T16:50:47.264643, 10.80
2022-04-08T16:50:47.514067, 10.80
2022-04-08T16:50:47.764722, 10.80
2022-04-08T16:50:48.014732, 10.80
2022-04-08T16:50:48.264759, 10.80
2022-04-08T16:50:48.514801, 10.80
2022-04-08T16:50:48.764796, 10.80
2022-04-08T16:50:49.014861, 10.80
2022-04-08T16:50:49.264305, 10.80
2022-04-08T16:50:49.514941, 10.80
2022-04-08T16:50:49.764393, 10.80
2022-04-08T16:50:50.014397, 10.80
2022-04-08T16:50:50.265027, 10.80
2022-04-08T16:50:50.515053, 10.80
2022-04-08T16:50:50.764477, 10.80
2022-04-08T16:50:51.015125, 10.80
2022-04-08T16:50:51.265147, 10.80
2022-04-08T16:50:51.514604, 10.80
2022-04-08T16:50:51.765211, 10.80
2022-04-08T16:50:52.014655, 10.80
2022-04-08T16:50:52.264685, 10.80
2022-04-08T16:50:52.514296, 10.80
2022-04-08T16:50:52.764718, 10.80
2022-04-08T16:50:53.014775, 10.80
2022-04-08T16:50:53.264343, 10.80
2022-04-08T16:50:53.515376, 10.80
2022-04-08T16:50:53.764860, 10.80
2022-04-08T16:50:54.014874, 10.80
2022-04-08T16:50:54.264918, 10.80
2022-04-08T16:50:54.514953, 10.80
2022-04-08T16:50:54.764536, 10.80
2022-04-08T16:50:55.015013, 10.80
2022-04-08T16:50:55.265010, 10.80
2022-04-08T16:50:55.514634, 10.80
2022-04-08T16:50:55.764669, 10.80
2022-04-08T16:50:56.015111, 10.80
2022-04-08T16:50:56.265291, 10.79
2022-04-08T16:50:56.514725, 10.80
2022-04-08T16:50:56.764801, 10.79
2022-04-08T16:50:57.014806, 10.80
2022-04-08T16:50:57.264862, 10.79
2022-04-08T16:50:57.515283, 10.79
2022-04-08T16:50:57.764878, 10.79
2022-04-08T16:50:58.014920, 10.79
2022-04-08T16:50:58.264981, 10.79
2022-04-08T16:50:58.514975, 10.79
2022-04-08T16:50:58.765024, 10.79
2022-04-08T16:50:59.014481, 10.79
2022-04-08T16:50:59.265073, 10.79
2022-04-08T16:50:59.515112, 10.79
2022-04-08T16:50:59.764541, 10.79
2022-04-08T16:51:00.015174, 10.79
2022-04-08T16:51:00.265337, 10.79
2022-04-08T16:51:00.514607, 10.79
2022-04-08T16:51:00.765246, 10.79
2022-04-08T16:51:01.015280, 10.78
2022-04-08T16:51:01.265310, 10.78
2022-04-08T16:51:01.514335, 10.78
2022-04-08T16:51:01.765367, 10.78
2022-04-08T16:51:02.014815, 10.77
2022-04-08T16:51:02.264834, 10.77
2022-04-08T16:51:02.514446, 10.77
2022-04-08T16:51:02.764894, 10.77
2022-04-08T16:51:03.014918, 10.77
2022-04-08T16:51:03.264546, 10.77
2022-04-08T16:51:03.514569, 10.76
2022-04-08T16:51:03.765020, 10.77
2022-04-08T16:51:04.015036, 10.76
2022-04-08T16:51:04.264645, 10.76
2022-04-08T16:51:04.515122, 10.76
2022-04-08T16:51:04.765114, 10.76
2022-04-08T16:51:05.014743, 10.76
2022-04-08T16:51:05.264767, 10.76
2022-04-08T16:51:05.515355, 10.76
2022-04-08T16:51:05.765242, 10.76
2022-04-08T16:51:06.014864, 10.76
2022-04-08T16:51:06.265308, 10.76
2022-04-08T16:51:06.514910, 10.76
2022-04-08T16:51:06.764944, 10.76
2022-04-08T16:51:07.015398, 10.76
2022-04-08T16:51:07.265003, 10.76
2022-04-08T16:51:07.515036, 10.76
2022-04-08T16:51:07.765486, 10.76
2022-04-08T16:51:08.015094, 10.76
2022-04-08T16:51:08.265118, 10.76
2022-04-08T16:51:08.515153, 10.76
2022-04-08T16:51:08.765182, 10.76
2022-04-08T16:51:09.015210, 10.76
2022-04-08T16:51:09.264658, 10.76
2022-04-08T16:51:09.515261, 10.76
2022-04-08T16:51:09.765294, 10.76
2022-04-08T16:51:10.015303, 10.76
2022-04-08T16:51:10.265352, 10.76
2022-04-08T16:51:10.515391, 10.76
2022-04-08T16:51:10.764821, 10.76
2022-04-08T16:51:11.015447, 10.76
2022-04-08T16:51:11.265485, 10.76
2022-04-08T16:51:11.514908, 10.76
2022-04-08T16:51:11.764926, 10.76
2022-04-08T16:51:12.015557, 10.76
2022-04-08T16:51:12.265010, 10.76
2022-04-08T16:51:12.515035, 10.76
2022-04-08T16:51:12.765644, 10.76
2022-04-08T16:51:13.015671, 10.76
2022-04-08T16:51:13.264696, 10.76
2022-04-08T16:51:13.515153, 10.76
2022-04-08T16:51:13.765193, 10.76
2022-04-08T16:51:14.015206, 10.76
2022-04-08T16:51:14.264817, 10.76
2022-04-08T16:51:14.515254, 10.76
2022-04-08T16:51:14.765291, 10.75
2022-04-08T16:51:15.014905, 10.75
2022-04-08T16:51:15.265349, 10.75
2022-04-08T16:51:15.515384, 10.75
2022-04-08T16:51:15.765409, 10.75
2022-04-08T16:51:16.015017, 10.75
2022-04-08T16:51:16.265048, 10.75
2022-04-08T16:51:16.515657, 10.75
2022-04-08T16:51:16.765107, 10.75
2022-04-08T16:51:17.015129, 10.75
2022-04-08T16:51:17.265164, 10.75
2022-04-08T16:51:17.515209, 10.75
2022-04-08T16:51:17.765222, 10.75
2022-04-08T16:51:18.015250, 10.74
2022-04-08T16:51:18.264716, 10.74
2022-04-08T16:51:18.515306, 10.74
2022-04-08T16:51:18.765326, 10.73
2022-04-08T16:51:19.015354, 10.73
2022-04-08T16:51:19.264804, 10.73
2022-04-08T16:51:19.515439, 10.73
2022-04-08T16:51:19.765454, 10.73
2022-04-08T16:51:20.015494, 10.72
2022-04-08T16:51:20.265491, 10.72
2022-04-08T16:51:20.515538, 10.72
2022-04-08T16:51:20.765585, 10.72
2022-04-08T16:51:21.015613, 10.72
2022-04-08T16:51:21.265637, 10.72
2022-04-08T16:51:21.515662, 10.72
2022-04-08T16:51:21.765692, 10.72
2022-04-08T16:51:22.015721, 10.72
2022-04-08T16:51:22.265751, 10.72
2022-04-08T16:51:22.515794, 10.72
2022-04-08T16:51:22.765809, 10.72
2022-04-08T16:51:23.015845, 10.72
2022-04-08T16:51:23.265864, 10.72
2022-04-08T16:51:23.515899, 10.72
2022-04-08T16:51:23.765931, 10.72
2022-04-08T16:51:24.015964, 10.72
2022-04-08T16:51:24.265984, 10.72
2022-04-08T16:51:24.516016, 10.72
2022-04-08T16:51:24.766047, 10.72
2022-04-08T16:51:25.016062, 10.72
2022-04-08T16:51:25.265105, 10.72
2022-04-08T16:51:25.515126, 10.72
2022-04-08T16:51:25.765133, 10.72
2022-04-08T16:51:26.015192, 10.72
2022-04-08T16:51:26.265222, 10.72
2022-04-08T16:51:26.515245, 10.72
2022-04-08T16:51:26.765276, 10.72
2022-04-08T16:51:27.015304, 10.72
2022-04-08T16:51:27.265333, 10.72
2022-04-08T16:51:27.515369, 10.72
2022-04-08T16:51:27.765393, 10.71
2022-04-08T16:51:28.015427, 10.71
2022-04-08T16:51:28.265459, 10.71
2022-04-08T16:51:28.515907, 10.71
2022-04-08T16:51:28.765511, 10.71
2022-04-08T16:51:29.015772, 10.71
2022-04-08T16:51:29.265566, 10.71
2022-04-08T16:51:29.515605, 10.71
2022-04-08T16:51:29.765791, 10.71
2022-04-08T16:51:30.015664, 10.71
2022-04-08T16:51:30.265099, 10.70
2022-04-08T16:51:30.515825, 10.70
2022-04-08T16:51:30.765746, 10.69
2022-04-08T16:51:31.015193, 10.69
2022-04-08T16:51:31.265802, 10.69
2022-04-08T16:51:31.515820, 10.68
2022-04-08T16:51:31.765264, 10.68
2022-04-08T16:51:32.015894, 10.68
2022-04-08T16:51:32.265344, 10.68
2022-04-08T16:51:32.515351, 10.68
2022-04-08T16:51:32.765953, 10.68
2022-04-08T16:51:33.015395, 10.68
2022-04-08T16:51:33.265426, 10.68
2022-04-08T16:51:33.516030, 10.68
2022-04-08T16:51:33.766062, 10.68
2022-04-08T16:51:34.015533, 10.68
2022-04-08T16:51:34.265142, 10.68
2022-04-08T16:51:34.515575, 10.68
2022-04-08T16:51:34.765608, 10.68
2022-04-08T16:51:35.015208, 10.68
2022-04-08T16:51:35.265663, 10.68
2022-04-08T16:51:35.515689, 10.68
2022-04-08T16:51:35.765314, 10.68
2022-04-08T16:51:36.016344, 10.68
2022-04-08T16:51:36.265794, 10.68
2022-04-08T16:51:36.515854, 10.68
2022-04-08T16:51:36.765412, 10.68
2022-04-08T16:51:37.015457, 10.68
2022-04-08T16:51:37.265467, 10.67
2022-04-08T16:51:37.515520, 10.67
2022-04-08T16:51:37.765974, 10.67
2022-04-08T16:51:38.015580, 10.67
2022-04-08T16:51:38.265590, 10.67
2022-04-08T16:51:38.515659, 10.67
2022-04-08T16:51:38.765648, 10.67
2022-04-08T16:51:39.016098, 10.66
2022-04-08T16:51:39.265723, 10.66
2022-04-08T16:51:39.515175, 10.65
2022-04-08T16:51:39.765818, 10.65
2022-04-08T16:51:40.015797, 10.64
2022-04-08T16:51:40.265819, 10.64
2022-04-08T16:51:40.515898, 10.64
2022-04-08T16:51:40.765880, 10.64
2022-04-08T16:51:41.015938, 10.64
2022-04-08T16:51:41.265361, 10.64
2022-04-08T16:51:41.515388, 10.64
2022-04-08T16:51:41.765438, 10.64
2022-04-08T16:51:42.015434, 10.64
2022-04-08T16:51:42.265476, 10.64
2022-04-08T16:51:42.516089, 10.64
2022-04-08T16:51:42.766098, 10.64
2022-04-08T16:51:43.016142, 10.64
2022-04-08T16:51:43.266171, 10.64
2022-04-08T16:51:43.515626, 10.64
2022-04-08T16:51:43.766253, 10.63
2022-04-08T16:51:44.015693, 10.63
2022-04-08T16:51:44.265857, 10.63
2022-04-08T16:51:44.515726, 10.63
2022-04-08T16:51:44.765775, 10.63
2022-04-08T16:51:45.015377, 10.63
2022-04-08T16:51:45.265825, 10.63
2022-04-08T16:51:45.515862, 10.63
2022-04-08T16:51:45.765455, 10.62
2022-04-08T16:51:46.015508, 10.61
2022-04-08T16:51:46.265962, 10.60
2022-04-08T16:51:46.516012, 10.60
2022-04-08T16:51:46.765590, 10.60
2022-04-08T16:51:47.016032, 10.60
2022-04-08T16:51:47.266096, 10.60
2022-04-08T16:51:47.515649, 10.60
2022-04-08T16:51:47.765732, 10.60
2022-04-08T16:51:48.015733, 10.60
2022-04-08T16:51:48.265770, 10.60
2022-04-08T16:51:48.515803, 10.60
2022-04-08T16:51:48.765813, 10.60
2022-04-08T16:51:49.015262, 10.60
2022-04-08T16:51:49.266292, 10.60
2022-04-08T16:51:49.516318, 10.59
2022-04-08T16:51:49.765939, 10.59
2022-04-08T16:51:50.015377, 10.59
2022-04-08T16:51:50.266003, 10.59
2022-04-08T16:51:50.516035, 10.59
2022-04-08T16:51:50.765475, 10.58
2022-04-08T16:51:51.016080, 10.57
2022-04-08T16:51:51.266077, 10.56
2022-04-08T16:51:51.516136, 10.56
2022-04-08T16:51:51.765589, 10.56
2022-04-08T16:51:52.016220, 10.56
2022-04-08T16:51:52.266249, 10.56
2022-04-08T16:51:52.515697, 10.56
2022-04-08T16:51:52.766289, 10.56
2022-04-08T16:51:53.015763, 10.56
2022-04-08T16:51:53.265781, 10.56
2022-04-08T16:51:53.515376, 10.56
2022-04-08T16:51:53.766408, 10.55
2022-04-08T16:51:54.015877, 10.55
2022-04-08T16:51:54.265889, 10.55
2022-04-08T16:51:54.516517, 10.55
2022-04-08T16:51:54.765946, 10.55
2022-04-08T16:51:55.015973, 10.55
2022-04-08T16:51:55.266015, 10.53
2022-04-08T16:51:55.516052, 10.52
2022-04-08T16:51:55.765676, 10.52
2022-04-08T16:51:56.015684, 10.52
2022-04-08T16:51:56.266152, 10.52
2022-04-08T16:51:56.515741, 10.52
2022-04-08T16:51:56.766213, 10.52
2022-04-08T16:51:57.015813, 10.52
2022-04-08T16:51:57.266265, 10.52
2022-04-08T16:51:57.516276, 10.52
2022-04-08T16:51:57.766294, 10.51
2022-04-08T16:51:58.015928, 10.51
2022-04-08T16:51:58.266368, 10.51
2022-04-08T16:51:58.516533, 10.51
2022-04-08T16:51:58.766334, 10.51
2022-04-08T16:51:59.015458, 10.50
2022-04-08T16:51:59.266067, 10.49
